{
  "instruments": {
    "ES":  0.25,
    "MES": 0.25,
    "NQ":  0.25,
    "MNQ": 0.25,
    "YM":  1.00,
    "MYM": 0.50,
    "RTY": 0.10,
    "M2K": 0.10,
    "CL":  0.01,
    "MCL": 0.01,
    "GC":  0.10,
    "MGC": 0.10,
    "SI":  0.005,
    "SIL": 0.005,
    "HG":  0.0005,
    "NG":  0.001,
    "ZB":  0.03125,
    "ZN":  0.015625,
    "ZF":  0.0078125,
    "ZT":  0.0078125,
    "6E":  0.00005,
    "6B":  0.0001,
    "6J":  0.0000005,
    "6A":  0.00005,
    "6C":  0.00005,
    "6S":  0.00005,
    "BTC": 5.0,
    "MBT": 5.0,
    "ETH": 0.50,
    "MET": 0.50
  },
  "point_values": {
    "ES":  50.00,
    "MES": 5.00,
    "NQ":  20.00,
    "MNQ": 2.00,
    "YM":  5.00,
    "MYM": 0.50,
    "RTY": 50.00,
    "M2K": 5.00,
    "CL":  1000.00,
    "MCL": 100.00,
    "GC":  100.00,
    "MGC": 10.00,
    "SI":  5000.00,
    "SIL": 1000.00,
    "HG":  25000.00,
    "NG":  10000.00,
    "ZB":  1000.00,
    "ZN":  1000.00,
    "ZF":  1000.00,
    "ZT":  2000.00,
    "6E":  125000.00,
    "6B":  62500.00,
    "6J":  12500000.00,
    "6A":  100000.00,
    "6C":  100000.00,
    "6S":  125000.00,
    "BTC": 5.00,
    "MBT": 0.10,
    "ETH": 50.00,
    "MET": 0.10
  },
  "commission_per_rt": {
    "ES":  3.18, "MES": 1.10,
    "NQ":  3.18, "MNQ": 1.10,
    "YM":  3.18, "MYM": 1.10,
    "RTY": 3.18, "M2K": 1.10,
    "CL":  6.00, "MCL": 1.15,
    "GC":  5.00, "MGC": 1.15
  },
  "rules": {
    "forex_jpy_tick":            0.01,
    "forex_other_tick":          0.0001,
    "stock_default_tick":        0.01,
    "stock_default_point_value": 1.00,
    "forex_default_point_value": 100000.00,
    "default_commission_per_rt": 1.50
  }
}
